{"file:///d%3A/MUST_proj/SW_management/SmErRecommendation-master-v3/SmErRecommendation-master-v3/count_lines.bat":{"language":"Batch","code":34,"comment":12,"blank":13},"file:///d%3A/MUST_proj/SW_management/SmErRecommendation-master-v3/SmErRecommendation-master-v3/users/apps.py":{"language":"Python","code":4,"comment":0,"blank":3},"file:///d%3A/MUST_proj/SW_management/SmErRecommendation-master-v3/SmErRecommendation-master-v3/README.md":{"language":"Markdown","code":57,"comment":0,"blank":20},"file:///d%3A/MUST_proj/SW_management/SmErRecommendation-master-v3/SmErRecommendation-master-v3/recommendation/tests.py":{"language":"Python","code":1,"comment":1,"blank":2},"file:///d%3A/MUST_proj/SW_management/SmErRecommendation-master-v3/SmErRecommendation-master-v3/users/admin.py":{"language":"Python","code":1,"comment":1,"blank":2},"file:///d%3A/MUST_proj/SW_management/SmErRecommendation-master-v3/SmErRecommendation-master-v3/recommendation/admin.py":{"language":"Python","code":1,"comment":1,"blank":2},"file:///d%3A/MUST_proj/SW_management/SmErRecommendation-master-v3/SmErRecommendation-master-v3/booking/urls.py":{"language":"Python","code":22,"comment":0,"blank":6},"file:///d%3A/MUST_proj/SW_management/SmErRecommendation-master-v3/SmErRecommendation-master-v3/booking/__init__.py":{"language":"Python","code":0,"comment":0,"blank":1},"file:///d%3A/MUST_proj/SW_management/SmErRecommendation-master-v3/SmErRecommendation-master-v3/recommendation/models.py":{"language":"Python","code":45,"comment":0,"blank":10},"file:///d%3A/MUST_proj/SW_management/SmErRecommendation-master-v3/SmErRecommendation-master-v3/recommendation/serializers.py":{"language":"Python","code":37,"comment":0,"blank":5},"file:///d%3A/MUST_proj/SW_management/SmErRecommendation-master-v3/SmErRecommendation-master-v3/booking/views.py":{"language":"Python","code":526,"comment":34,"blank":117},"file:///d%3A/MUST_proj/SW_management/SmErRecommendation-master-v3/SmErRecommendation-master-v3/booking/tests.py":{"language":"Python","code":1,"comment":1,"blank":2},"file:///d%3A/MUST_proj/SW_management/SmErRecommendation-master-v3/SmErRecommendation-master-v3/recommendation/apps.py":{"language":"Python","code":4,"comment":0,"blank":3},"file:///d%3A/MUST_proj/SW_management/SmErRecommendation-master-v3/SmErRecommendation-master-v3/recommendation/views.py":{"language":"Python","code":76,"comment":1,"blank":16},"file:///d%3A/MUST_proj/SW_management/SmErRecommendation-master-v3/SmErRecommendation-master-v3/recommendation/__init__.py":{"language":"Python","code":0,"comment":0,"blank":1},"file:///d%3A/MUST_proj/SW_management/SmErRecommendation-master-v3/SmErRecommendation-master-v3/recommendation/urls.py":{"language":"Python","code":10,"comment":0,"blank":2},"file:///d%3A/MUST_proj/SW_management/SmErRecommendation-master-v3/SmErRecommendation-master-v3/config/scm_config.json":{"language":"JSON","code":40,"comment":0,"blank":0},"file:///d%3A/MUST_proj/SW_management/SmErRecommendation-master-v3/SmErRecommendation-master-v3/recommendation/services.py":{"language":"Python","code":127,"comment":20,"blank":35},"file:///d%3A/MUST_proj/SW_management/SmErRecommendation-master-v3/SmErRecommendation-master-v3/SmErRecommendation/settings.py":{"language":"Python","code":1,"comment":1,"blank":0},"file:///d%3A/MUST_proj/SW_management/SmErRecommendation-master-v3/SmErRecommendation-master-v3/static/js/auth.js":{"language":"JavaScript","code":24,"comment":6,"blank":4},"file:///d%3A/MUST_proj/SW_management/SmErRecommendation-master-v3/SmErRecommendation-master-v3/users/models.py":{"language":"Python","code":12,"comment":0,"blank":3},"file:///d%3A/MUST_proj/SW_management/SmErRecommendation-master-v3/SmErRecommendation-master-v3/users/urls.py":{"language":"Python","code":8,"comment":0,"blank":2},"file:///d%3A/MUST_proj/SW_management/SmErRecommendation-master-v3/SmErRecommendation-master-v3/users/serializers.py":{"language":"Python","code":17,"comment":0,"blank":2},"file:///d%3A/MUST_proj/SW_management/SmErRecommendation-master-v3/SmErRecommendation-master-v3/staticfiles/admin/js/autocomplete.js":{"language":"JavaScript","code":28,"comment":2,"blank":4},"file:///d%3A/MUST_proj/SW_management/SmErRecommendation-master-v3/SmErRecommendation-master-v3/staticfiles/admin/js/actions.js":{"language":"JavaScript","code":175,"comment":9,"blank":21},"file:///d%3A/MUST_proj/SW_management/SmErRecommendation-master-v3/SmErRecommendation-master-v3/staticfiles/admin/js/calendar.js":{"language":"JavaScript","code":196,"comment":28,"blank":16},"file:///d%3A/MUST_proj/SW_management/SmErRecommendation-master-v3/SmErRecommendation-master-v3/booking/serializers.py":{"language":"Python","code":41,"comment":0,"blank":11},"file:///d%3A/MUST_proj/SW_management/SmErRecommendation-master-v3/SmErRecommendation-master-v3/staticfiles/admin/css/autocomplete.css":{"language":"PostCSS","code":230,"comment":0,"blank":50},"file:///d%3A/MUST_proj/SW_management/SmErRecommendation-master-v3/SmErRecommendation-master-v3/templates/base.html":{"language":"HTML","code":181,"comment":3,"blank":23},"file:///d%3A/MUST_proj/SW_management/SmErRecommendation-master-v3/SmErRecommendation-master-v3/staticfiles/admin/js/change_form.js":{"language":"JavaScript","code":14,"comment":2,"blank":1},"file:///d%3A/MUST_proj/SW_management/SmErRecommendation-master-v3/SmErRecommendation-master-v3/staticfiles/admin/css/changelists.css":{"language":"PostCSS","code":273,"comment":8,"blank":63},"file:///d%3A/MUST_proj/SW_management/SmErRecommendation-master-v3/SmErRecommendation-master-v3/staticfiles/admin/js/popup_response.js":{"language":"JavaScript","code":15,"comment":0,"blank":1},"file:///d%3A/MUST_proj/SW_management/SmErRecommendation-master-v3/SmErRecommendation-master-v3/staticfiles/admin/js/prepopulate.js":{"language":"JavaScript","code":29,"comment":10,"blank":5},"file:///d%3A/MUST_proj/SW_management/SmErRecommendation-master-v3/SmErRecommendation-master-v3/staticfiles/admin/css/dark_mode.css":{"language":"PostCSS","code":96,"comment":6,"blank":29},"file:///d%3A/MUST_proj/SW_management/SmErRecommendation-master-v3/SmErRecommendation-master-v3/staticfiles/admin/css/base.css":{"language":"PostCSS","code":935,"comment":32,"blank":217},"file:///d%3A/MUST_proj/SW_management/SmErRecommendation-master-v3/SmErRecommendation-master-v3/staticfiles/admin/js/cancel.js":{"language":"JavaScript","code":24,"comment":3,"blank":3},"file:///d%3A/MUST_proj/SW_management/SmErRecommendation-master-v3/SmErRecommendation-master-v3/staticfiles/admin/js/admin/RelatedObjectLookups.js":{"language":"JavaScript","code":216,"comment":14,"blank":23},"file:///d%3A/MUST_proj/SW_management/SmErRecommendation-master-v3/SmErRecommendation-master-v3/staticfiles/admin/js/nav_sidebar.js":{"language":"JavaScript","code":73,"comment":1,"blank":6},"file:///d%3A/MUST_proj/SW_management/SmErRecommendation-master-v3/SmErRecommendation-master-v3/staticfiles/admin/js/jquery.init.js":{"language":"JavaScript","code":2,"comment":6,"blank":1},"file:///d%3A/MUST_proj/SW_management/SmErRecommendation-master-v3/SmErRecommendation-master-v3/staticfiles/admin/css/login.css":{"language":"PostCSS","code":49,"comment":1,"blank":12},"file:///d%3A/MUST_proj/SW_management/SmErRecommendation-master-v3/SmErRecommendation-master-v3/staticfiles/admin/css/nav_sidebar.css":{"language":"PostCSS","code":125,"comment":0,"blank":26},"file:///d%3A/MUST_proj/SW_management/SmErRecommendation-master-v3/SmErRecommendation-master-v3/templates/jvbenku.html":{"language":"HTML","code":650,"comment":19,"blank":58},"file:///d%3A/MUST_proj/SW_management/SmErRecommendation-master-v3/SmErRecommendation-master-v3/staticfiles/admin/js/inlines.js":{"language":"JavaScript","code":272,"comment":61,"blank":27},"file:///d%3A/MUST_proj/SW_management/SmErRecommendation-master-v3/SmErRecommendation-master-v3/staticfiles/admin/css/forms.css":{"language":"PostCSS","code":387,"comment":12,"blank":100},"file:///d%3A/MUST_proj/SW_management/SmErRecommendation-master-v3/SmErRecommendation-master-v3/staticfiles/admin/js/filters.js":{"language":"JavaScript","code":20,"comment":6,"blank":5},"file:///d%3A/MUST_proj/SW_management/SmErRecommendation-master-v3/SmErRecommendation-master-v3/staticfiles/admin/js/admin/DateTimeShortcuts.js":{"language":"JavaScript","code":317,"comment":65,"blank":27},"file:///d%3A/MUST_proj/SW_management/SmErRecommendation-master-v3/SmErRecommendation-master-v3/templates/community.html":{"language":"HTML","code":210,"comment":16,"blank":30},"file:///d%3A/MUST_proj/SW_management/SmErRecommendation-master-v3/SmErRecommendation-master-v3/staticfiles/admin/css/dashboard.css":{"language":"PostCSS","code":21,"comment":2,"blank":7},"file:///d%3A/MUST_proj/SW_management/SmErRecommendation-master-v3/SmErRecommendation-master-v3/staticfiles/admin/js/prepopulate_init.js":{"language":"JavaScript","code":15,"comment":0,"blank":1},"file:///d%3A/MUST_proj/SW_management/SmErRecommendation-master-v3/SmErRecommendation-master-v3/templates/index.html":{"language":"HTML","code":242,"comment":11,"blank":27},"file:///d%3A/MUST_proj/SW_management/SmErRecommendation-master-v3/SmErRecommendation-master-v3/staticfiles/admin/js/core.js":{"language":"JavaScript","code":148,"comment":19,"blank":18},"file:///d%3A/MUST_proj/SW_management/SmErRecommendation-master-v3/SmErRecommendation-master-v3/staticfiles/rest_framework/js/load-ajax-form.js":{"language":"JavaScript","code":3,"comment":0,"blank":1},"file:///d%3A/MUST_proj/SW_management/SmErRecommendation-master-v3/SmErRecommendation-master-v3/templates/login.html":{"language":"HTML","code":215,"comment":0,"blank":28},"file:///d%3A/MUST_proj/SW_management/SmErRecommendation-master-v3/SmErRecommendation-master-v3/staticfiles/rest_framework/js/default.js":{"language":"JavaScript","code":32,"comment":6,"blank":10},"file:///d%3A/MUST_proj/SW_management/SmErRecommendation-master-v3/SmErRecommendation-master-v3/staticfiles/rest_framework/js/ajax-form.js":{"language":"JavaScript","code":95,"comment":16,"blank":23},"file:///d%3A/MUST_proj/SW_management/SmErRecommendation-master-v3/SmErRecommendation-master-v3/staticfiles/rest_framework/js/csrf.js":{"language":"JavaScript","code":35,"comment":9,"blank":10},"file:///d%3A/MUST_proj/SW_management/SmErRecommendation-master-v3/SmErRecommendation-master-v3/staticfiles/rest_framework/js/bootstrap.min.js":{"language":"JavaScript","code":1,"comment":5,"blank":0},"file:///d%3A/MUST_proj/SW_management/SmErRecommendation-master-v3/SmErRecommendation-master-v3/staticfiles/rest_framework/js/prettify-min.js":{"language":"JavaScript","code":28,"comment":0,"blank":1},"file:///d%3A/MUST_proj/SW_management/SmErRecommendation-master-v3/SmErRecommendation-master-v3/staticfiles/admin/css/responsive.css":{"language":"PostCSS","code":677,"comment":31,"blank":201},"file:///d%3A/MUST_proj/SW_management/SmErRecommendation-master-v3/SmErRecommendation-master-v3/staticfiles/admin/css/rtl.css":{"language":"PostCSS","code":223,"comment":8,"blank":63},"file:///d%3A/MUST_proj/SW_management/SmErRecommendation-master-v3/SmErRecommendation-master-v3/staticfiles/admin/js/SelectBox.js":{"language":"JavaScript","code":111,"comment":5,"blank":1},"file:///d%3A/MUST_proj/SW_management/SmErRecommendation-master-v3/SmErRecommendation-master-v3/staticfiles/admin/css/unusable_password_field.css":{"language":"PostCSS","code":13,"comment":3,"blank":4},"file:///d%3A/MUST_proj/SW_management/SmErRecommendation-master-v3/SmErRecommendation-master-v3/staticfiles/admin/css/responsive_rtl.css":{"language":"PostCSS","code":70,"comment":2,"blank":18},"file:///d%3A/MUST_proj/SW_management/SmErRecommendation-master-v3/SmErRecommendation-master-v3/templates/register.html":{"language":"HTML","code":147,"comment":0,"blank":18},"file:///d%3A/MUST_proj/SW_management/SmErRecommendation-master-v3/SmErRecommendation-master-v3/staticfiles/admin/js/SelectFilter2.js":{"language":"JavaScript","code":258,"comment":28,"blank":22},"file:///d%3A/MUST_proj/SW_management/SmErRecommendation-master-v3/SmErRecommendation-master-v3/staticfiles/rest_framework/js/jquery-3.7.1.min.js":{"language":"JavaScript","code":1,"comment":1,"blank":1},"file:///d%3A/MUST_proj/SW_management/SmErRecommendation-master-v3/SmErRecommendation-master-v3/templates/stores.html":{"language":"HTML","code":247,"comment":2,"blank":32},"file:///d%3A/MUST_proj/SW_management/SmErRecommendation-master-v3/SmErRecommendation-master-v3/staticfiles/rest_framework/js/coreapi-0.1.1.js":{"language":"JavaScript","code":1537,"comment":219,"blank":287},"file:///d%3A/MUST_proj/SW_management/SmErRecommendation-master-v3/SmErRecommendation-master-v3/templates/about.html":{"language":"HTML","code":294,"comment":7,"blank":25},"file:///d%3A/MUST_proj/SW_management/SmErRecommendation-master-v3/SmErRecommendation-master-v3/staticfiles/admin/css/widgets.css":{"language":"PostCSS","code":503,"comment":9,"blank":102},"file:///d%3A/MUST_proj/SW_management/SmErRecommendation-master-v3/SmErRecommendation-master-v3/staticfiles/admin/img/calendar-icons.svg":{"language":"XML","code":63,"comment":0,"blank":1},"file:///d%3A/MUST_proj/SW_management/SmErRecommendation-master-v3/SmErRecommendation-master-v3/staticfiles/admin/img/icon-unknown-alt.svg":{"language":"XML","code":3,"comment":0,"blank":1},"file:///d%3A/MUST_proj/SW_management/SmErRecommendation-master-v3/SmErRecommendation-master-v3/staticfiles/admin/img/icon-changelink.svg":{"language":"XML","code":3,"comment":0,"blank":1},"file:///d%3A/MUST_proj/SW_management/SmErRecommendation-master-v3/SmErRecommendation-master-v3/staticfiles/admin/img/icon-no.svg":{"language":"XML","code":3,"comment":0,"blank":1},"file:///d%3A/MUST_proj/SW_management/SmErRecommendation-master-v3/SmErRecommendation-master-v3/staticfiles/admin/img/icon-calendar.svg":{"language":"XML","code":9,"comment":0,"blank":1},"file:///d%3A/MUST_proj/SW_management/SmErRecommendation-master-v3/SmErRecommendation-master-v3/staticfiles/admin/img/icon-clock.svg":{"language":"XML","code":9,"comment":0,"blank":1},"file:///d%3A/MUST_proj/SW_management/SmErRecommendation-master-v3/SmErRecommendation-master-v3/staticfiles/admin/img/icon-hidelink.svg":{"language":"XML","code":3,"comment":0,"blank":1},"file:///d%3A/MUST_proj/SW_management/SmErRecommendation-master-v3/SmErRecommendation-master-v3/staticfiles/admin/img/icon-deletelink.svg":{"language":"XML","code":3,"comment":0,"blank":1},"file:///d%3A/MUST_proj/SW_management/SmErRecommendation-master-v3/SmErRecommendation-master-v3/staticfiles/admin/img/gis/move_vertex_on.svg":{"language":"XML","code":1,"comment":0,"blank":0},"file:///d%3A/MUST_proj/SW_management/SmErRecommendation-master-v3/SmErRecommendation-master-v3/staticfiles/admin/img/gis/move_vertex_off.svg":{"language":"XML","code":1,"comment":0,"blank":0},"file:///d%3A/MUST_proj/SW_management/SmErRecommendation-master-v3/SmErRecommendation-master-v3/staticfiles/admin/js/urlify.js":{"language":"JavaScript","code":159,"comment":5,"blank":6},"file:///d%3A/MUST_proj/SW_management/SmErRecommendation-master-v3/SmErRecommendation-master-v3/staticfiles/admin/img/icon-viewlink.svg":{"language":"XML","code":3,"comment":0,"blank":1},"file:///d%3A/MUST_proj/SW_management/SmErRecommendation-master-v3/SmErRecommendation-master-v3/staticfiles/rest_framework/docs/js/api.js":{"language":"JavaScript","code":259,"comment":20,"blank":37},"file:///d%3A/MUST_proj/SW_management/SmErRecommendation-master-v3/SmErRecommendation-master-v3/staticfiles/admin/img/icon-unknown.svg":{"language":"XML","code":3,"comment":0,"blank":1},"file:///d%3A/MUST_proj/SW_management/SmErRecommendation-master-v3/SmErRecommendation-master-v3/staticfiles/rest_framework/docs/js/jquery.json-view.min.js":{"language":"JavaScript","code":1,"comment":6,"blank":0},"file:///d%3A/MUST_proj/SW_management/SmErRecommendation-master-v3/SmErRecommendation-master-v3/staticfiles/admin/img/icon-alert.svg":{"language":"XML","code":3,"comment":0,"blank":1},"file:///d%3A/MUST_proj/SW_management/SmErRecommendation-master-v3/SmErRecommendation-master-v3/staticfiles/admin/js/unusable_password_field.js":{"language":"JavaScript","code":24,"comment":5,"blank":1},"file:///d%3A/MUST_proj/SW_management/SmErRecommendation-master-v3/SmErRecommendation-master-v3/staticfiles/admin/img/icon-addlink.svg":{"language":"XML","code":3,"comment":0,"blank":1},"file:///d%3A/MUST_proj/SW_management/SmErRecommendation-master-v3/SmErRecommendation-master-v3/staticfiles/admin/js/theme.js":{"language":"JavaScript","code":43,"comment":3,"blank":6},"file:///d%3A/MUST_proj/SW_management/SmErRecommendation-master-v3/SmErRecommendation-master-v3/users/__init__.py":{"language":"Python","code":0,"comment":0,"blank":1},"file:///d%3A/MUST_proj/SW_management/SmErRecommendation-master-v3/SmErRecommendation-master-v3/staticfiles/rest_framework/fonts/glyphicons-halflings-regular.svg":{"language":"XML","code":288,"comment":0,"blank":1},"file:///d%3A/MUST_proj/SW_management/SmErRecommendation-master-v3/SmErRecommendation-master-v3/staticfiles/admin/img/inline-delete.svg":{"language":"XML","code":3,"comment":0,"blank":1},"file:///d%3A/MUST_proj/SW_management/SmErRecommendation-master-v3/SmErRecommendation-master-v3/staticfiles/admin/img/icon-yes.svg":{"language":"XML","code":3,"comment":0,"blank":1},"file:///d%3A/MUST_proj/SW_management/SmErRecommendation-master-v3/SmErRecommendation-master-v3/templates/booking/booking_create.html":{"language":"HTML","code":110,"comment":0,"blank":17},"file:///d%3A/MUST_proj/SW_management/SmErRecommendation-master-v3/SmErRecommendation-master-v3/users/views.py":{"language":"Python","code":24,"comment":0,"blank":6},"file:///d%3A/MUST_proj/SW_management/SmErRecommendation-master-v3/SmErRecommendation-master-v3/staticfiles/admin/css/vendor/select2/LICENSE-SELECT2.md":{"language":"Markdown","code":17,"comment":0,"blank":5},"file:///d%3A/MUST_proj/SW_management/SmErRecommendation-master-v3/SmErRecommendation-master-v3/templates/booking/my_bookings.html":{"language":"HTML","code":208,"comment":43,"blank":40},"file:///d%3A/MUST_proj/SW_management/SmErRecommendation-master-v3/SmErRecommendation-master-v3/booking/models.py":{"language":"Python","code":137,"comment":3,"blank":34},"file:///d%3A/MUST_proj/SW_management/SmErRecommendation-master-v3/SmErRecommendation-master-v3/booking/migrations/__init__.py":{"language":"Python","code":0,"comment":0,"blank":1},"file:///d%3A/MUST_proj/SW_management/SmErRecommendation-master-v3/SmErRecommendation-master-v3/staticfiles/rest_framework/css/bootstrap-theme.min.css":{"language":"PostCSS","code":1,"comment":5,"blank":0},"file:///d%3A/MUST_proj/SW_management/SmErRecommendation-master-v3/SmErRecommendation-master-v3/staticfiles/rest_framework/docs/js/highlight.pack.js":{"language":"JavaScript","code":2,"comment":0,"blank":0},"file:///d%3A/MUST_proj/SW_management/SmErRecommendation-master-v3/SmErRecommendation-master-v3/users/tests.py":{"language":"Python","code":1,"comment":1,"blank":2},"file:///d%3A/MUST_proj/SW_management/SmErRecommendation-master-v3/SmErRecommendation-master-v3/staticfiles/admin/img/tooltag-arrowright.svg":{"language":"XML","code":3,"comment":0,"blank":1},"file:///d%3A/MUST_proj/SW_management/SmErRecommendation-master-v3/SmErRecommendation-master-v3/staticfiles/rest_framework/css/prettify.css":{"language":"PostCSS","code":27,"comment":1,"blank":2},"file:///d%3A/MUST_proj/SW_management/SmErRecommendation-master-v3/SmErRecommendation-master-v3/booking/migrations/0002_comment.py":{"language":"Python","code":19,"comment":1,"blank":6},"file:///d%3A/MUST_proj/SW_management/SmErRecommendation-master-v3/SmErRecommendation-master-v3/staticfiles/admin/js/vendor/select2/LICENSE.md":{"language":"Markdown","code":17,"comment":0,"blank":5},"file:///d%3A/MUST_proj/SW_management/SmErRecommendation-master-v3/SmErRecommendation-master-v3/templates/booking/profile.html":{"language":"HTML","code":62,"comment":0,"blank":1},"file:///d%3A/MUST_proj/SW_management/SmErRecommendation-master-v3/SmErRecommendation-master-v3/staticfiles/admin/js/vendor/select2/select2.full.js":{"language":"JavaScript","code":5102,"comment":384,"blank":1335},"file:///d%3A/MUST_proj/SW_management/SmErRecommendation-master-v3/SmErRecommendation-master-v3/templates/booking/my_reviews.html":{"language":"HTML","code":47,"comment":1,"blank":5},"file:///d%3A/MUST_proj/SW_management/SmErRecommendation-master-v3/SmErRecommendation-master-v3/staticfiles/rest_framework/fonts/fontawesome-webfont.svg":{"language":"XML","code":414,"comment":0,"blank":1},"file:///d%3A/MUST_proj/SW_management/SmErRecommendation-master-v3/SmErRecommendation-master-v3/templates/booking/post_detail.html":{"language":"HTML","code":135,"comment":0,"blank":24},"file:///d%3A/MUST_proj/SW_management/SmErRecommendation-master-v3/SmErRecommendation-master-v3/staticfiles/admin/js/vendor/select2/select2.full.min.js":{"language":"JavaScript","code":1,"comment":1,"blank":0},"file:///d%3A/MUST_proj/SW_management/SmErRecommendation-master-v3/SmErRecommendation-master-v3/staticfiles/rest_framework/css/default.css":{"language":"PostCSS","code":62,"comment":3,"blank":18},"file:///d%3A/MUST_proj/SW_management/SmErRecommendation-master-v3/SmErRecommendation-master-v3/templates/booking/script_create.html":{"language":"HTML","code":131,"comment":0,"blank":15},"file:///d%3A/MUST_proj/SW_management/SmErRecommendation-master-v3/SmErRecommendation-master-v3/staticfiles/admin/img/sorting-icons.svg":{"language":"XML","code":19,"comment":0,"blank":1},"file:///d%3A/MUST_proj/SW_management/SmErRecommendation-master-v3/SmErRecommendation-master-v3/booking/migrations/0001_initial.py":{"language":"Python","code":149,"comment":1,"blank":7},"file:///d%3A/MUST_proj/SW_management/SmErRecommendation-master-v3/SmErRecommendation-master-v3/staticfiles/rest_framework/docs/css/highlight.css":{"language":"PostCSS","code":101,"comment":6,"blank":19},"file:///d%3A/MUST_proj/SW_management/SmErRecommendation-master-v3/SmErRecommendation-master-v3/templates/booking/script_detail.html":{"language":"HTML","code":242,"comment":6,"blank":24},"file:///d%3A/MUST_proj/SW_management/SmErRecommendation-master-v3/SmErRecommendation-master-v3/staticfiles/admin/js/vendor/xregexp/xregexp.min.js":{"language":"JavaScript","code":4,"comment":13,"blank":1},"file:///d%3A/MUST_proj/SW_management/SmErRecommendation-master-v3/SmErRecommendation-master-v3/templates/booking/post_create.html":{"language":"HTML","code":113,"comment":0,"blank":16},"file:///d%3A/MUST_proj/SW_management/SmErRecommendation-master-v3/SmErRecommendation-master-v3/staticfiles/admin/img/search.svg":{"language":"XML","code":3,"comment":0,"blank":1},"file:///d%3A/MUST_proj/SW_management/SmErRecommendation-master-v3/SmErRecommendation-master-v3/staticfiles/admin/img/selector-icons.svg":{"language":"XML","code":34,"comment":0,"blank":1},"file:///d%3A/MUST_proj/SW_management/SmErRecommendation-master-v3/SmErRecommendation-master-v3/staticfiles/rest_framework/css/font-awesome-4.0.3.css":{"language":"PostCSS","code":1329,"comment":9,"blank":1},"file:///d%3A/MUST_proj/SW_management/SmErRecommendation-master-v3/SmErRecommendation-master-v3/staticfiles/admin/js/vendor/xregexp/xregexp.js":{"language":"JavaScript","code":3817,"comment":1303,"blank":1007},"file:///d%3A/MUST_proj/SW_management/SmErRecommendation-master-v3/SmErRecommendation-master-v3/staticfiles/rest_framework/docs/css/base.css":{"language":"PostCSS","code":291,"comment":4,"blank":65},"file:///d%3A/MUST_proj/SW_management/SmErRecommendation-master-v3/SmErRecommendation-master-v3/templates/booking/my_favourites.html":{"language":"HTML","code":114,"comment":27,"blank":22},"file:///d%3A/MUST_proj/SW_management/SmErRecommendation-master-v3/SmErRecommendation-master-v3/staticfiles/admin/css/vendor/select2/select2.min.css":{"language":"PostCSS","code":1,"comment":0,"blank":1},"file:///d%3A/MUST_proj/SW_management/SmErRecommendation-master-v3/SmErRecommendation-master-v3/staticfiles/admin/css/vendor/select2/select2.css":{"language":"PostCSS","code":425,"comment":0,"blank":57},"file:///d%3A/MUST_proj/SW_management/SmErRecommendation-master-v3/SmErRecommendation-master-v3/booking/apps.py":{"language":"Python","code":4,"comment":0,"blank":3},"file:///d%3A/MUST_proj/SW_management/SmErRecommendation-master-v3/SmErRecommendation-master-v3/reviews/__init__.py":{"language":"Python","code":0,"comment":0,"blank":1},"file:///d%3A/MUST_proj/SW_management/SmErRecommendation-master-v3/SmErRecommendation-master-v3/staticfiles/rest_framework/css/bootstrap-tweaks.css":{"language":"PostCSS","code":177,"comment":15,"blank":46},"file:///d%3A/MUST_proj/SW_management/SmErRecommendation-master-v3/SmErRecommendation-master-v3/staticfiles/rest_framework/css/bootstrap.min.css":{"language":"PostCSS","code":1,"comment":5,"blank":0},"file:///d%3A/MUST_proj/SW_management/SmErRecommendation-master-v3/SmErRecommendation-master-v3/reviews/urls.py":{"language":"Python","code":8,"comment":0,"blank":2},"file:///d%3A/MUST_proj/SW_management/SmErRecommendation-master-v3/SmErRecommendation-master-v3/script_murder_system/wsgi.py":{"language":"Python","code":4,"comment":8,"blank":5},"file:///d%3A/MUST_proj/SW_management/SmErRecommendation-master-v3/SmErRecommendation-master-v3/reviews/views.py":{"language":"Python","code":41,"comment":3,"blank":10},"file:///d%3A/MUST_proj/SW_management/SmErRecommendation-master-v3/SmErRecommendation-master-v3/reviews/tests.py":{"language":"Python","code":1,"comment":1,"blank":2},"file:///d%3A/MUST_proj/SW_management/SmErRecommendation-master-v3/SmErRecommendation-master-v3/script_murder_system/settings.py":{"language":"Python","code":102,"comment":32,"blank":38},"file:///d%3A/MUST_proj/SW_management/SmErRecommendation-master-v3/SmErRecommendation-master-v3/reviews/serializers.py":{"language":"Python","code":18,"comment":0,"blank":2},"file:///d%3A/MUST_proj/SW_management/SmErRecommendation-master-v3/SmErRecommendation-master-v3/script_murder_system/urls.py":{"language":"Python","code":38,"comment":17,"blank":3},"file:///d%3A/MUST_proj/SW_management/SmErRecommendation-master-v3/SmErRecommendation-master-v3/script_murder_system/asgi.py":{"language":"Python","code":4,"comment":8,"blank":5},"file:///d%3A/MUST_proj/SW_management/SmErRecommendation-master-v3/SmErRecommendation-master-v3/booking/admin.py":{"language":"Python","code":22,"comment":0,"blank":5},"file:///d%3A/MUST_proj/SW_management/SmErRecommendation-master-v3/SmErRecommendation-master-v3/script_murder_system/__init__.py":{"language":"Python","code":0,"comment":0,"blank":1},"file:///d%3A/MUST_proj/SW_management/SmErRecommendation-master-v3/SmErRecommendation-master-v3/templates/booking/store_detail.html":{"language":"HTML","code":122,"comment":5,"blank":16},"file:///d%3A/MUST_proj/SW_management/SmErRecommendation-master-v3/SmErRecommendation-master-v3/manage.py":{"language":"Python","code":15,"comment":3,"blank":5},"file:///d%3A/MUST_proj/SW_management/SmErRecommendation-master-v3/SmErRecommendation-master-v3/staticfiles/rest_framework/docs/css/jquery.json-view.min.css":{"language":"PostCSS","code":11,"comment":0,"blank":0},"file:///d%3A/MUST_proj/SW_management/SmErRecommendation-master-v3/SmErRecommendation-master-v3/gender_recommendation/views.py":{"language":"Python","code":16,"comment":0,"blank":3},"file:///d%3A/MUST_proj/SW_management/SmErRecommendation-master-v3/SmErRecommendation-master-v3/reviews/admin.py":{"language":"Python","code":1,"comment":1,"blank":2},"file:///d%3A/MUST_proj/SW_management/SmErRecommendation-master-v3/SmErRecommendation-master-v3/reviews/apps.py":{"language":"Python","code":4,"comment":0,"blank":3},"file:///d%3A/MUST_proj/SW_management/SmErRecommendation-master-v3/SmErRecommendation-master-v3/gender_recommendation/__init__.py":{"language":"Python","code":0,"comment":0,"blank":1},"file:///d%3A/MUST_proj/SW_management/SmErRecommendation-master-v3/SmErRecommendation-master-v3/scripts/view_database.py":{"language":"Python","code":54,"comment":8,"blank":13},"file:///d%3A/MUST_proj/SW_management/SmErRecommendation-master-v3/SmErRecommendation-master-v3/requirements.txt":{"language":"pip requirements","code":17,"comment":0,"blank":0},"file:///d%3A/MUST_proj/SW_management/SmErRecommendation-master-v3/SmErRecommendation-master-v3/gender_recommendation/urls.py":{"language":"Python","code":5,"comment":0,"blank":1},"file:///d%3A/MUST_proj/SW_management/SmErRecommendation-master-v3/SmErRecommendation-master-v3/reviews/models.py":{"language":"Python","code":29,"comment":3,"blank":7},"file:///d%3A/MUST_proj/SW_management/SmErRecommendation-master-v3/SmErRecommendation-master-v3/templates/booking/store_create.html":{"language":"HTML","code":132,"comment":0,"blank":14},"file:///d%3A/MUST_proj/SW_management/SmErRecommendation-master-v3/SmErRecommendation-master-v3/staticfiles/admin/img/tooltag-add.svg":{"language":"XML","code":3,"comment":0,"blank":1},"file:///d%3A/MUST_proj/SW_management/SmErRecommendation-master-v3/SmErRecommendation-master-v3/gender_recommendation/serializers.py":{"language":"Python","code":6,"comment":0,"blank":1},"file:///d%3A/MUST_proj/SW_management/SmErRecommendation-master-v3/SmErRecommendation-master-v3/gender_recommendation/recommender.py":{"language":"Python","code":10,"comment":3,"blank":1},"file:///d%3A/MUST_proj/SW_management/SmErRecommendation-master-v3/SmErRecommendation-master-v3/gender_recommendation/models.py":{"language":"Python","code":18,"comment":0,"blank":3},"file:///d%3A/MUST_proj/SW_management/SmErRecommendation-master-v3/SmErRecommendation-master-v3/desktop_app/bookings_page.py":{"language":"Python","code":187,"comment":15,"blank":33},"file:///d%3A/MUST_proj/SW_management/SmErRecommendation-master-v3/SmErRecommendation-master-v3/desktop_app/auth_manager.py":{"language":"Python","code":53,"comment":14,"blank":15},"file:///d%3A/MUST_proj/SW_management/SmErRecommendation-master-v3/SmErRecommendation-master-v3/desktop_app/auth_window.py":{"language":"Python","code":309,"comment":30,"blank":70},"file:///d%3A/MUST_proj/SW_management/SmErRecommendation-master-v3/SmErRecommendation-master-v3/desktop_app/auth.py":{"language":"Python","code":36,"comment":0,"blank":7},"file:///d%3A/MUST_proj/SW_management/SmErRecommendation-master-v3/SmErRecommendation-master-v3/desktop_app/app.py":{"language":"Python","code":13,"comment":5,"blank":6},"file:///d%3A/MUST_proj/SW_management/SmErRecommendation-master-v3/SmErRecommendation-master-v3/docs/SCM_README.md":{"language":"Markdown","code":90,"comment":0,"blank":15},"file:///d%3A/MUST_proj/SW_management/SmErRecommendation-master-v3/SmErRecommendation-master-v3/desktop_app/script_library.py":{"language":"Python","code":170,"comment":14,"blank":25},"file:///d%3A/MUST_proj/SW_management/SmErRecommendation-master-v3/SmErRecommendation-master-v3/desktop_app/create_post_window.py":{"language":"Python","code":132,"comment":14,"blank":31},"file:///d%3A/MUST_proj/SW_management/SmErRecommendation-master-v3/SmErRecommendation-master-v3/desktop_app/community_window.py":{"language":"Python","code":308,"comment":50,"blank":85},"file:///d%3A/MUST_proj/SW_management/SmErRecommendation-master-v3/SmErRecommendation-master-v3/desktop_app/admin_window.py":{"language":"Python","code":482,"comment":376,"blank":106},"file:///d%3A/MUST_proj/SW_management/SmErRecommendation-master-v3/SmErRecommendation-master-v3/docs/templates/change_request_template.md":{"language":"Markdown","code":91,"comment":0,"blank":25},"file:///d%3A/MUST_proj/SW_management/SmErRecommendation-master-v3/SmErRecommendation-master-v3/desktop_app/comments_window.py":{"language":"Python","code":141,"comment":17,"blank":36},"file:///d%3A/MUST_proj/SW_management/SmErRecommendation-master-v3/SmErRecommendation-master-v3/desktop_app/run.py":{"language":"Python","code":19,"comment":1,"blank":3},"file:///d%3A/MUST_proj/SW_management/SmErRecommendation-master-v3/SmErRecommendation-master-v3/desktop_app/reviews_page.py":{"language":"Python","code":319,"comment":37,"blank":58},"file:///d%3A/MUST_proj/SW_management/SmErRecommendation-master-v3/SmErRecommendation-master-v3/desktop_app/register_window.py":{"language":"Python","code":152,"comment":10,"blank":25},"file:///d%3A/MUST_proj/SW_management/SmErRecommendation-master-v3/SmErRecommendation-master-v3/desktop_app/profile_page.py":{"language":"Python","code":250,"comment":20,"blank":39},"file:///d%3A/MUST_proj/SW_management/SmErRecommendation-master-v3/SmErRecommendation-master-v3/desktop_app/main_window.py":{"language":"Python","code":119,"comment":14,"blank":23},"file:///d%3A/MUST_proj/SW_management/SmErRecommendation-master-v3/SmErRecommendation-master-v3/desktop_app/login_window.py":{"language":"Python","code":86,"comment":7,"blank":22},"file:///d%3A/MUST_proj/SW_management/SmErRecommendation-master-v3/SmErRecommendation-master-v3/desktop_app/home_page.py":{"language":"Python","code":287,"comment":13,"blank":49},"file:///d%3A/MUST_proj/SW_management/SmErRecommendation-master-v3/SmErRecommendation-master-v3/desktop_app/favorites_page.py":{"language":"Python","code":155,"comment":8,"blank":21},"file:///d%3A/MUST_proj/SW_management/SmErRecommendation-master-v3/SmErRecommendation-master-v3/desktop_app/database.py":{"language":"Python","code":91,"comment":17,"blank":23},"file:///d%3A/MUST_proj/SW_management/SmErRecommendation-master-v3/SmErRecommendation-master-v3/desktop_app/main.py":{"language":"Python","code":29,"comment":7,"blank":10},"file:///d%3A/MUST_proj/SW_management/SmErRecommendation-master-v3/SmErRecommendation-master-v3/staticfiles/admin/js/vendor/select2/i18n/ar.js":{"language":"JavaScript","code":1,"comment":1,"blank":1},"file:///d%3A/MUST_proj/SW_management/SmErRecommendation-master-v3/SmErRecommendation-master-v3/staticfiles/admin/js/vendor/select2/i18n/bn.js":{"language":"JavaScript","code":1,"comment":1,"blank":1},"file:///d%3A/MUST_proj/SW_management/SmErRecommendation-master-v3/SmErRecommendation-master-v3/staticfiles/admin/js/vendor/select2/i18n/bg.js":{"language":"JavaScript","code":1,"comment":1,"blank":1},"file:///d%3A/MUST_proj/SW_management/SmErRecommendation-master-v3/SmErRecommendation-master-v3/staticfiles/admin/js/vendor/select2/i18n/az.js":{"language":"JavaScript","code":1,"comment":1,"blank":1},"file:///d%3A/MUST_proj/SW_management/SmErRecommendation-master-v3/SmErRecommendation-master-v3/staticfiles/admin/js/vendor/select2/i18n/af.js":{"language":"JavaScript","code":1,"comment":1,"blank":1},"file:///d%3A/MUST_proj/SW_management/SmErRecommendation-master-v3/SmErRecommendation-master-v3/staticfiles/admin/js/vendor/select2/i18n/bs.js":{"language":"JavaScript","code":1,"comment":1,"blank":1},"file:///d%3A/MUST_proj/SW_management/SmErRecommendation-master-v3/SmErRecommendation-master-v3/staticfiles/admin/js/vendor/select2/i18n/eu.js":{"language":"JavaScript","code":1,"comment":1,"blank":1},"file:///d%3A/MUST_proj/SW_management/SmErRecommendation-master-v3/SmErRecommendation-master-v3/staticfiles/admin/js/vendor/select2/i18n/de.js":{"language":"JavaScript","code":1,"comment":1,"blank":1},"file:///d%3A/MUST_proj/SW_management/SmErRecommendation-master-v3/SmErRecommendation-master-v3/staticfiles/admin/js/vendor/select2/i18n/fi.js":{"language":"JavaScript","code":1,"comment":1,"blank":1},"file:///d%3A/MUST_proj/SW_management/SmErRecommendation-master-v3/SmErRecommendation-master-v3/staticfiles/admin/js/vendor/select2/i18n/et.js":{"language":"JavaScript","code":1,"comment":1,"blank":1},"file:///d%3A/MUST_proj/SW_management/SmErRecommendation-master-v3/SmErRecommendation-master-v3/staticfiles/admin/js/vendor/select2/i18n/dsb.js":{"language":"JavaScript","code":1,"comment":1,"blank":1},"file:///d%3A/MUST_proj/SW_management/SmErRecommendation-master-v3/SmErRecommendation-master-v3/staticfiles/admin/js/vendor/select2/i18n/es.js":{"language":"JavaScript","code":1,"comment":1,"blank":1},"file:///d%3A/MUST_proj/SW_management/SmErRecommendation-master-v3/SmErRecommendation-master-v3/staticfiles/admin/js/vendor/select2/i18n/fa.js":{"language":"JavaScript","code":1,"comment":1,"blank":1},"file:///d%3A/MUST_proj/SW_management/SmErRecommendation-master-v3/SmErRecommendation-master-v3/staticfiles/admin/js/vendor/select2/i18n/en.js":{"language":"JavaScript","code":1,"comment":1,"blank":1},"file:///d%3A/MUST_proj/SW_management/SmErRecommendation-master-v3/SmErRecommendation-master-v3/staticfiles/admin/js/vendor/jquery/jquery.js":{"language":"JavaScript","code":6767,"comment":1887,"blank":2063},"file:///d%3A/MUST_proj/SW_management/SmErRecommendation-master-v3/SmErRecommendation-master-v3/staticfiles/admin/js/vendor/select2/i18n/da.js":{"language":"JavaScript","code":1,"comment":1,"blank":1},"file:///d%3A/MUST_proj/SW_management/SmErRecommendation-master-v3/SmErRecommendation-master-v3/staticfiles/admin/js/vendor/select2/i18n/el.js":{"language":"JavaScript","code":1,"comment":1,"blank":1},"file:///d%3A/MUST_proj/SW_management/SmErRecommendation-master-v3/SmErRecommendation-master-v3/staticfiles/admin/js/vendor/select2/i18n/cs.js":{"language":"JavaScript","code":1,"comment":1,"blank":1},"file:///d%3A/MUST_proj/SW_management/SmErRecommendation-master-v3/SmErRecommendation-master-v3/staticfiles/admin/js/vendor/select2/i18n/ca.js":{"language":"JavaScript","code":1,"comment":1,"blank":1},"file:///d%3A/MUST_proj/SW_management/SmErRecommendation-master-v3/SmErRecommendation-master-v3/staticfiles/admin/js/vendor/jquery/jquery.min.js":{"language":"JavaScript","code":1,"comment":1,"blank":1},"file:///d%3A/MUST_proj/SW_management/SmErRecommendation-master-v3/SmErRecommendation-master-v3/staticfiles/admin/js/vendor/select2/i18n/fr.js":{"language":"JavaScript","code":1,"comment":1,"blank":1},"file:///d%3A/MUST_proj/SW_management/SmErRecommendation-master-v3/SmErRecommendation-master-v3/staticfiles/admin/js/vendor/select2/i18n/hsb.js":{"language":"JavaScript","code":1,"comment":1,"blank":1},"file:///d%3A/MUST_proj/SW_management/SmErRecommendation-master-v3/SmErRecommendation-master-v3/staticfiles/admin/js/vendor/select2/i18n/he.js":{"language":"JavaScript","code":1,"comment":1,"blank":1},"file:///d%3A/MUST_proj/SW_management/SmErRecommendation-master-v3/SmErRecommendation-master-v3/staticfiles/admin/js/vendor/select2/i18n/hi.js":{"language":"JavaScript","code":1,"comment":1,"blank":1},"file:///d%3A/MUST_proj/SW_management/SmErRecommendation-master-v3/SmErRecommendation-master-v3/staticfiles/admin/js/vendor/select2/i18n/zh-TW.js":{"language":"JavaScript","code":1,"comment":1,"blank":1},"file:///d%3A/MUST_proj/SW_management/SmErRecommendation-master-v3/SmErRecommendation-master-v3/staticfiles/admin/js/vendor/select2/i18n/gl.js":{"language":"JavaScript","code":1,"comment":1,"blank":1},"file:///d%3A/MUST_proj/SW_management/SmErRecommendation-master-v3/SmErRecommendation-master-v3/staticfiles/admin/js/vendor/select2/i18n/hr.js":{"language":"JavaScript","code":1,"comment":1,"blank":1},"file:///d%3A/MUST_proj/SW_management/SmErRecommendation-master-v3/SmErRecommendation-master-v3/staticfiles/admin/js/vendor/select2/i18n/zh-CN.js":{"language":"JavaScript","code":1,"comment":1,"blank":1},"file:///d%3A/MUST_proj/SW_management/SmErRecommendation-master-v3/SmErRecommendation-master-v3/staticfiles/admin/js/vendor/select2/i18n/tr.js":{"language":"JavaScript","code":1,"comment":1,"blank":1},"file:///d%3A/MUST_proj/SW_management/SmErRecommendation-master-v3/SmErRecommendation-master-v3/staticfiles/admin/js/vendor/select2/i18n/sv.js":{"language":"JavaScript","code":1,"comment":1,"blank":1},"file:///d%3A/MUST_proj/SW_management/SmErRecommendation-master-v3/SmErRecommendation-master-v3/staticfiles/admin/js/vendor/select2/i18n/vi.js":{"language":"JavaScript","code":1,"comment":1,"blank":1},"file:///d%3A/MUST_proj/SW_management/SmErRecommendation-master-v3/SmErRecommendation-master-v3/staticfiles/admin/js/vendor/select2/i18n/uk.js":{"language":"JavaScript","code":1,"comment":1,"blank":1},"file:///d%3A/MUST_proj/SW_management/SmErRecommendation-master-v3/SmErRecommendation-master-v3/staticfiles/admin/js/vendor/select2/i18n/sr.js":{"language":"JavaScript","code":1,"comment":1,"blank":1},"file:///d%3A/MUST_proj/SW_management/SmErRecommendation-master-v3/SmErRecommendation-master-v3/staticfiles/admin/js/vendor/select2/i18n/tk.js":{"language":"JavaScript","code":1,"comment":1,"blank":1},"file:///d%3A/MUST_proj/SW_management/SmErRecommendation-master-v3/SmErRecommendation-master-v3/staticfiles/admin/js/vendor/select2/i18n/th.js":{"language":"JavaScript","code":1,"comment":1,"blank":1},"file:///d%3A/MUST_proj/SW_management/SmErRecommendation-master-v3/SmErRecommendation-master-v3/staticfiles/admin/js/vendor/select2/i18n/sq.js":{"language":"JavaScript","code":1,"comment":1,"blank":1},"file:///d%3A/MUST_proj/SW_management/SmErRecommendation-master-v3/SmErRecommendation-master-v3/staticfiles/admin/js/vendor/select2/i18n/sk.js":{"language":"JavaScript","code":1,"comment":1,"blank":1},"file:///d%3A/MUST_proj/SW_management/SmErRecommendation-master-v3/SmErRecommendation-master-v3/staticfiles/admin/js/vendor/select2/i18n/pt.js":{"language":"JavaScript","code":1,"comment":1,"blank":1},"file:///d%3A/MUST_proj/SW_management/SmErRecommendation-master-v3/SmErRecommendation-master-v3/staticfiles/admin/js/vendor/select2/i18n/ro.js":{"language":"JavaScript","code":1,"comment":1,"blank":1},"file:///d%3A/MUST_proj/SW_management/SmErRecommendation-master-v3/SmErRecommendation-master-v3/staticfiles/admin/js/vendor/select2/i18n/sr-Cyrl.js":{"language":"JavaScript","code":1,"comment":1,"blank":1},"file:///d%3A/MUST_proj/SW_management/SmErRecommendation-master-v3/SmErRecommendation-master-v3/staticfiles/admin/js/vendor/select2/i18n/sl.js":{"language":"JavaScript","code":1,"comment":1,"blank":1},"file:///d%3A/MUST_proj/SW_management/SmErRecommendation-master-v3/SmErRecommendation-master-v3/staticfiles/admin/js/vendor/select2/i18n/ru.js":{"language":"JavaScript","code":1,"comment":1,"blank":1},"file:///d%3A/MUST_proj/SW_management/SmErRecommendation-master-v3/SmErRecommendation-master-v3/staticfiles/admin/js/vendor/select2/i18n/pt-BR.js":{"language":"JavaScript","code":1,"comment":1,"blank":1},"file:///d%3A/MUST_proj/SW_management/SmErRecommendation-master-v3/SmErRecommendation-master-v3/staticfiles/admin/js/vendor/select2/i18n/ps.js":{"language":"JavaScript","code":1,"comment":1,"blank":1},"file:///d%3A/MUST_proj/SW_management/SmErRecommendation-master-v3/SmErRecommendation-master-v3/staticfiles/admin/js/vendor/select2/i18n/pl.js":{"language":"JavaScript","code":1,"comment":1,"blank":1},"file:///d%3A/MUST_proj/SW_management/SmErRecommendation-master-v3/SmErRecommendation-master-v3/staticfiles/admin/js/vendor/select2/i18n/ne.js":{"language":"JavaScript","code":1,"comment":1,"blank":1},"file:///d%3A/MUST_proj/SW_management/SmErRecommendation-master-v3/SmErRecommendation-master-v3/staticfiles/admin/js/vendor/select2/i18n/nl.js":{"language":"JavaScript","code":1,"comment":1,"blank":1},"file:///d%3A/MUST_proj/SW_management/SmErRecommendation-master-v3/SmErRecommendation-master-v3/staticfiles/admin/js/vendor/select2/i18n/ms.js":{"language":"JavaScript","code":1,"comment":1,"blank":1},"file:///d%3A/MUST_proj/SW_management/SmErRecommendation-master-v3/SmErRecommendation-master-v3/staticfiles/admin/js/vendor/select2/i18n/mk.js":{"language":"JavaScript","code":1,"comment":1,"blank":1},"file:///d%3A/MUST_proj/SW_management/SmErRecommendation-master-v3/SmErRecommendation-master-v3/staticfiles/admin/js/vendor/select2/i18n/lv.js":{"language":"JavaScript","code":1,"comment":1,"blank":1},"file:///d%3A/MUST_proj/SW_management/SmErRecommendation-master-v3/SmErRecommendation-master-v3/staticfiles/admin/js/vendor/select2/i18n/nb.js":{"language":"JavaScript","code":1,"comment":1,"blank":1},"file:///d%3A/MUST_proj/SW_management/SmErRecommendation-master-v3/SmErRecommendation-master-v3/staticfiles/admin/js/vendor/select2/i18n/km.js":{"language":"JavaScript","code":1,"comment":1,"blank":1},"file:///d%3A/MUST_proj/SW_management/SmErRecommendation-master-v3/SmErRecommendation-master-v3/staticfiles/admin/js/vendor/select2/i18n/lt.js":{"language":"JavaScript","code":1,"comment":1,"blank":1},"file:///d%3A/MUST_proj/SW_management/SmErRecommendation-master-v3/SmErRecommendation-master-v3/staticfiles/admin/js/vendor/select2/i18n/ko.js":{"language":"JavaScript","code":1,"comment":1,"blank":1},"file:///d%3A/MUST_proj/SW_management/SmErRecommendation-master-v3/SmErRecommendation-master-v3/staticfiles/admin/js/vendor/select2/i18n/ka.js":{"language":"JavaScript","code":1,"comment":1,"blank":1},"file:///d%3A/MUST_proj/SW_management/SmErRecommendation-master-v3/SmErRecommendation-master-v3/staticfiles/admin/js/vendor/select2/i18n/id.js":{"language":"JavaScript","code":1,"comment":1,"blank":1},"file:///d%3A/MUST_proj/SW_management/SmErRecommendation-master-v3/SmErRecommendation-master-v3/staticfiles/admin/js/vendor/select2/i18n/ja.js":{"language":"JavaScript","code":1,"comment":1,"blank":1},"file:///d%3A/MUST_proj/SW_management/SmErRecommendation-master-v3/SmErRecommendation-master-v3/staticfiles/admin/js/vendor/select2/i18n/hy.js":{"language":"JavaScript","code":1,"comment":1,"blank":1},"file:///d%3A/MUST_proj/SW_management/SmErRecommendation-master-v3/SmErRecommendation-master-v3/staticfiles/admin/js/vendor/select2/i18n/is.js":{"language":"JavaScript","code":1,"comment":1,"blank":1},"file:///d%3A/MUST_proj/SW_management/SmErRecommendation-master-v3/SmErRecommendation-master-v3/staticfiles/admin/js/vendor/select2/i18n/hu.js":{"language":"JavaScript","code":1,"comment":1,"blank":1},"file:///d%3A/MUST_proj/SW_management/SmErRecommendation-master-v3/SmErRecommendation-master-v3/staticfiles/admin/js/vendor/select2/i18n/it.js":{"language":"JavaScript","code":1,"comment":1,"blank":1}}